{"intents": [
  {"tag": "greetings",
  "patterns": ["hello","hey","hi","good day","Greetings","what's up?","how is it going?"],
  "responses": ["Hello!","Hey!","&#128075 &#128075","What can I do for you?","What's your doubt"]
  },

  {"tag": "name",
  "patterns": ["what is your name","name","what's your name","who are you","what should I call you"],
  "responses": ["You can call me Scarlett","I'm Scarlett","I'm Scarlett your virtual assistant"]
  },

  {"tag": "goodbye",
  "patterns": ["Bye", "See you later", "Goodbye", "Nice chatting to you, bye", "Till next time"],
  "responses": ["See you!", "Have a nice day", "Bye! Come back again soon."]
  },

  {"tag": "thanks",
  "patterns": ["Thanks", "Thank you", "That's helpful", "Awesome, thanks", "Thanks for helping me"],
  "responses": ["Happy to help!", "Any time!", "My pleasure"]
  },

  {"tag": "noanswer",
  "patterns": [],
  "responses": ["Sorry, can't understand you", "Please give me more info", "Not sure I understand"]
  },

  {"tag": "options",
  "patterns": ["How you could help me?", "What you can do?", "What help you provide?", "How you can be helpful?", "What support is offered"],
  "responses": ["I can guide you through Adverse drug reaction list, Blood pressure tracking, Hospitals and Pharmacies", "Offering support for Adverse drug reaction, Blood pressure, Hospitals and Pharmacies"]
  },

  {"tag": "college",
  "patterns": ["what is the college name", "name of the college", "about college", "what should I call the college","college name","college"],
  "responses": ["You can call us RATHINAM COLLEGE OF ARTS AND SCIENCE", "It's RATHINAM COLLEGE OF ARTS AND SCIENCE ", "Ourself called RATHINAM COLLEGE OF ARTS AND SCIENCE"]
  },

  {"tag": "courses",
  "patterns": ["what courses are available", "how many courses are there in this college","Tell me about the courses","About courses","courses"],
  "responses": ["Rathinam College of Arts & Science has been in direct connect with Bharathiyar University, \nUK to provide enviable higher education in IT and Business to students in Pokhara.\nFor Bachelors Degree in Information Technology we have been offering the specialization in BSc (Hons) Computing.\nFor Bachelors in Business Administration we have been offering the followings:\n\n1. BBA (Marketing) with International Business \n\n2. BBA (Accounting & Finance) with International Business\n\n3. BBA (International Business)"]
  },

  {"tag": "courseDuration",
  "patterns": ["how long will be AI and ML or CT course", "how long will it take to complete AI and ML or CT course","courseDuration"],
  "responses": ["Our college offers 3 year long AI and ML course and 3 and CT course."]
  },

  {"tag": "Location",
  "patterns": ["location","where is it located","what is the location of the college","where is the college","where it was"],
  "responses": ["Informatics College Pokhara is located in Matepani-12, pokhara near Gandaki Hospital."]
  },

  {"tag": "semesters",
  "patterns": ["how many semesters are there in a year","how many semesters one should study in a year","about semesters","semester"],
  "responses": ["There are two semesters in a year."]
  },

  {"tag": "semDuration",
  "patterns": ["how many months are there in a semester","how long will be a single semester","Duration"],
  "responses": ["The single semester will be around 6 months."]
  },

  {"tag": "studentRequirements",
  "patterns": ["what are the student requirements for admission","entry requirements","admission requirements","requirment"],
  "responses": ["Academic Level\nNEB +2 overall aggregate of 2.2 CGPA (55%) or above with each subject (theory and practical) grade D+ or above, and SEE Mathematics score of C+ ( 50%) or above.\nFor A-Levels, a minimum of 3.5 credits and atleast a grade of D and above.\n\nEnglish Proficiency\nEnglish NEB XII Marks greater or equals to 60% or 2.4 GPA\nFor Level 4 or Year 1 BIT\nPass in General Paper or English Language or IELTS 5.5 or PTE 47/ Meeting UCAS Tariff points of 80.\nFor Level 4 or Year 1 BBA\nPass in General Paper or English Language or IELTS 5.5 or PTE 47/ Meeting UCAS Tariff points of 96."]
  },

  {"tag": "classes",
  "patterns": ["how many classes will be there in a day","how long are the classes?","class"],
  "responses": ["There may be 4 or 5 classes per day. Each class will be of 45 minutes."]
  },

  {"tag": "teachingStyle",
  "patterns": ["what is the teaching style of this college?","Is the teaching pattern different from other college?","what is the teaching format?","style"],
  "responses": ["Our college has different teaching patterns than other colleges of Tamilnadu. We adopt a British teaching methodology, following the LTW techniques which stands for Lecture, Tutorial and Workshop.\nYou can provide us with your contact details and our counselors shall reach out to you and provide you with further details."]
  },

  {"tag": "exams",
  "patterns": ["what are the exams like?","What is the exam pattern","exam"],
  "responses": ["There are assignments which carry more weight than your written exams. The assignments have deadlines which you should not exceed if you want to get better marks."]
  },

  {"tag": "hours",
  "patterns": ["what are your hours","when are you guys open","what your hours of operation","hour"],
  "responses": ["You can message us here at any hours. But our college premises will be open from 7:00 am to 5:00 pm only."]
  },

  {"tag": "funActivities",
  "patterns": ["will there be any extra curriculum activities?","does the college conducts any fun program","activity"],
  "responses": ["Yes, Of course. Our college not only provides excellent education but also encourage students to take part in different curriculum activities. The college conducts yearly programs like Sports meet, Carnival, Holi festival, and Christmas. \n Also our college has basketball court, badminton court, table tennis, chess, carrom board and many more refreshment zones."]
  },

  {"tag": "facilities",
  "patterns": ["what facilities are provided by the college?","what are the facilities of college for students", "what are the college infrastructures","faculty"],
  "responses": ["With excellent education facilities, Our College provides various other facilities like 24 hours internet, library, classes with CAM, discusson room, canteen, parking space, and student service for any students queries."]
  },

  {"tag": "fee",
  "patterns": ["how much is the college fee","what is the fee structure","fee"],
  "responses": ["Course AI nad ML\nAdmission fee=RS 5,000\nYear 1\nUniversity and Exam fee= RS 1700 Each semester fee=RS 55,000 Total fee= RS 61,700\nYear 2\nUniversity and Exam fee= RS 1700 Each semester fee=RS 55,000 Total fee= RS 56,700\nYear 3\nUniversity and Exam fee= RS 1,700 Each semester fee=RS 55,000 Total fee= RS 56,700\nGrandTotal fee= RS 810,000\n\nCourse BBA\nAdmission fee=RS 96,000\nYear 1\nUniversity and Exam fee= RS 100,000 Each semester fee=RS 52,000 Total fee= RS 300,000\nYear 2\nUniversity and Exam fee= RS 100,000 Each semester fee=RS 52,000 Total fee= RS 204,000\nYear 3\nUniversity and Exam fee= RS 100,000 Each semester fee=RS 52,000 Total fee= RS 204,000\nYear 4\nUniversity and Exam fee= RS 50,000 Semester fee=RS 52,000 Total fee= RS 102,000\nGrandTotal fee= RS 810,000"]
  },

  {"tag": "invalid",
  "patterns": ["","gvsd","asbhk"],
  "responses": ["Sorry, can't understand you", "Please give me more info", "Not sure I understand"]
  }

]}